{
  "dataprojects": {
    "数据项目研发": "データプロジェクト開発",
    "编辑项目": "プロジェクトの編集",
    "请输入json字符串": "JSON文字列を入力してください。",
    "项目暂未创建完成，不能部署": "プロジェクトはまだ作成されておらず、デプロイできません。",
    "是否要发布项目": "プロジェクトを公開しますか？",
    "发布项目成功": "プロジェクトが正常に公開されました。",
    "是否要删除项目": "プロジェクトを削除しますか？",
    "删除成功": "削除が成功しました。",
    "项目暂未创建完成，不能编辑": "プロジェクトはまだ作成されておらず、編集できません。",
    "修改成功": "変更が成功しました。",
    "创建成功": "作成が成功しました。",
    "正在创建中，请稍后查看": "作成中です。しばらくお待ちください。",
    "请选择模板": "テンプレートを選択してください。",
    "请选择空间": "スペースを選択してください。",
    "请输入描述": "説明を入力してください。",
    "请选择失效时间": "有効期限を選択してください。",
    "开发中，敬请期待": "開発中、お楽しみに。",
    "撤销发布项目成功": "プロジェクトの公開を正常に取り消しました。",
    "是否要撤销已发布的项目": "公開されたプロジェクトを取り消しますか？",
    "撤销发布项目失败": "プロジェクトの公開の取り消しに失敗しました。",
    "请填写中文名称": "中国語の名前を入力してください。",
    "是否要删除空间": "スペースを削除しますか？",
    "创建项目": "プロジェクトの作成",
    "项目名称": "プロジェクト名",
    "名称需以小写字母开头": "名前は小文字で始まり、小文字、数字、および'-'を含むことができ、30文字以下です",
    "请填写项目名称": "プロジェクト名を入力してください",
    "中文名称": "中国語名",
    "模板名称": "テンプレート名",
    "失效时间": "失効時間",
    "绑定工作空间": "ワークスペースをバインド",
    "环境变量": "環境変数",
    "项目列表": "プロジェクトのリスト"
  },
  "wovespaces": {
    "数据编织空间列表": "データファブリックスペースリスト",
    "创建空间": "スペースの作成",
    "空间名称": "スペース名",
    "请填写空间名称": "スペース名を入力します"
  }
}