{
  "dataprojects": {
    "数据项目研发": "数据项目研发",
    "编辑项目": "编辑项目",
    "请输入json字符串": "请输入json字符串",
    "项目暂未创建完成，不能部署": "项目暂未创建完成，不能部署",
    "是否要发布项目": "是否要发布项目",
    "发布项目成功": "发布项目成功",
    "是否要删除项目": "是否要删除项目",
    "删除成功": "删除成功",
    "项目暂未创建完成，不能编辑": "项目暂未创建完成，不能编辑",
    "修改成功": "修改成功",
    "创建成功": "创建成功",
    "正在创建中，请稍后查看": "正在创建中，请稍后查看",
    "请选择模板": "请选择模板",
    "请选择空间": "请选择空间",
    "请输入描述": "请输入描述",
    "请选择失效时间": "请选择失效时间",
    "开发中，敬请期待": "开发中，敬请期待",
    "撤销发布项目成功": "撤销发布项目成功",
    "是否要撤销已发布的项目": "是否要撤销已发布的项目",
    "撤销发布项目失败": "撤销发布项目失败",
    "请填写中文名称": "请填写中文名称",
    "是否要删除空间": "是否要删除空间",
    "创建项目": "创建项目",
    "项目名称": "项目名称",
    "名称需以小写字母开头": "名称需以小写字母开头,可包含小写字母、数字及'-',小于30个字符",
    "请填写项目名称": "请填写项目名称",
    "中文名称": "中文名称",
    "模板名称": "模板名称",
    "失效时间": "失效时间",
    "绑定工作空间": "绑定工作空间",
    "环境变量": "环境变量",
    "项目列表": "项目列表"
  },
  "wovespaces": {
    "数据编织空间列表": "数据编织空间列表",
    "创建空间": "创建空间",
    "空间名称": "空间名称",
    "请填写空间名称": "请填写空间名称"
  }
}